deadline,confirmado,decisao_final,votos,total_janela,leituras (offset_ate_deadline=decisao)
2026-08-04 21:24:59.970,True,sell,8,8,-0.99=sell;-0.86=sell;-0.73=sell;-0.60=sell;-0.45=sell;-0.30=sell;-0.15=sell;-0.00=sell
2026-08-04 21:25:59.970,True,sell,9,9,-0.93=sell;-0.82=sell;-0.71=sell;-0.60=sell;-0.49=sell;-0.37=sell;-0.26=sell;-0.14=sell;-0.02=sell
2026-08-04 21:26:59.970,True,sell,8,8,-0.83=sell;-0.72=sell;-0.60=sell;-0.48=sell;-0.38=sell;-0.26=sell;-0.09=sell;+0.06=sell
2026-08-04 21:30:59.970,True,buy,9,9,-0.92=buy;-0.81=buy;-0.68=buy;-0.58=buy;-0.47=buy;-0.35=buy;-0.24=buy;-0.12=buy;-0.00=buy
2026-08-04 21:31:59.970,True,buy,8,8,-0.93=buy;-0.81=buy;-0.70=buy;-0.57=buy;-0.43=buy;-0.31=buy;-0.16=buy;-0.01=buy
2026-08-04 21:32:59.970,False,sell,7,10,-0.94=buy;-0.84=buy;-0.72=buy;-0.62=buy;-0.53=buy;-0.42=buy;-0.32=buy;-0.23=sell;-0.06=sell;+0.04=sell
2026-08-04 21:33:59.970,True,sell,8,8,-0.89=sell;-0.75=sell;-0.61=sell;-0.49=sell;-0.36=sell;-0.23=sell;-0.11=sell;+0.04=sell
2026-08-04 21:34:59.970,True,sell,9,9,-0.97=sell;-0.87=sell;-0.77=sell;-0.67=sell;-0.56=sell;-0.45=sell;-0.32=sell;-0.18=sell;-0.04=sell
2026-08-04 21:35:59.970,True,sell,10,10,-0.99=sell;-0.87=sell;-0.78=sell;-0.67=sell;-0.55=sell;-0.44=sell;-0.33=sell;-0.22=sell;-0.11=sell;-0.01=sell
2026-08-04 21:36:59.970,True,sell,10,10,-1.03=sell;-0.91=sell;-0.81=sell;-0.70=sell;-0.60=sell;-0.47=sell;-0.36=sell;-0.25=sell;-0.15=sell;-0.04=sell
2026-08-04 21:37:59.970,True,sell,10,10,-0.94=sell;-0.84=sell;-0.74=sell;-0.63=sell;-0.53=sell;-0.42=sell;-0.32=sell;-0.23=sell;-0.12=sell;-0.02=sell
2026-08-04 21:38:59.970,True,sell,8,8,-0.92=sell;-0.79=sell;-0.68=sell;-0.54=sell;-0.40=sell;-0.27=sell;-0.14=sell;-0.03=sell
2026-08-04 21:39:59.970,True,sell,9,9,-0.87=sell;-0.76=sell;-0.62=sell;-0.52=sell;-0.42=sell;-0.29=sell;-0.18=sell;-0.08=sell;+0.03=sell
2026-08-04 21:49:59.970,True,sell,8,8,-0.93=sell;-0.81=sell;-0.68=sell;-0.54=sell;-0.41=sell;-0.28=sell;-0.15=sell;-0.01=sell
2026-08-04 21:50:59.970,True,sell,8,10,-0.94=sell;-0.84=sell;-0.74=sell;-0.64=sell;-0.54=sell;-0.44=sell;-0.33=sell;-0.18=sell;-0.07=buy;+0.02=buy
2026-08-04 21:51:59.970,True,sell,8,8,-1.00=sell;-0.86=sell;-0.71=sell;-0.55=sell;-0.38=sell;-0.25=sell;-0.13=sell;-0.01=sell
2026-08-04 21:52:59.970,True,buy,8,8,-0.90=buy;-0.79=buy;-0.66=buy;-0.53=buy;-0.40=buy;-0.26=buy;-0.12=buy;+0.02=buy
2026-08-04 21:53:59.970,True,buy,10,10,-1.01=buy;-0.91=buy;-0.81=buy;-0.71=buy;-0.61=buy;-0.49=buy;-0.38=buy;-0.28=buy;-0.17=buy;-0.03=buy
2026-08-04 21:54:59.970,True,buy,9,9,-0.91=buy;-0.79=buy;-0.68=buy;-0.58=buy;-0.46=buy;-0.34=buy;-0.23=buy;-0.13=buy;-0.01=buy
2026-08-04 21:55:59.970,True,buy,8,8,-0.94=buy;-0.82=buy;-0.69=buy;-0.57=buy;-0.43=buy;-0.29=buy;-0.16=buy;-0.03=buy
2026-08-04 21:56:59.970,True,buy,10,10,-0.86=buy;-0.76=buy;-0.66=buy;-0.56=buy;-0.47=buy;-0.36=buy;-0.26=buy;-0.16=buy;-0.06=buy;+0.06=buy
2026-08-04 21:57:59.970,True,sell,10,10,-1.04=sell;-0.93=sell;-0.83=sell;-0.73=sell;-0.61=sell;-0.50=sell;-0.38=sell;-0.27=sell;-0.16=sell;-0.05=sell
2026-08-04 21:58:59.970,True,sell,9,9,-1.01=sell;-0.91=sell;-0.81=sell;-0.70=sell;-0.61=sell;-0.50=sell;-0.36=sell;-0.16=sell;-0.04=sell
2026-08-04 21:59:59.970,True,sell,9,9,-0.90=sell;-0.79=sell;-0.68=sell;-0.57=sell;-0.46=sell;-0.36=sell;-0.24=sell;-0.14=sell;-0.03=sell
2026-08-04 22:00:59.970,True,sell,7,7,-0.88=sell;-0.74=sell;-0.59=sell;-0.45=sell;-0.32=sell;-0.18=sell;-0.02=sell
