timestamp,decisao,cor_vela3,cor_vela4
2026-08-02 02:12:58,sell,green,green
2026-08-02 02:17:58,none,,
2026-08-02 02:22:58,buy,,red
2026-08-02 02:27:58,buy,red,green
2026-08-02 06:02:58,none,,
2026-08-02 06:07:58,sell,green,green
2026-08-02 06:12:58,none,,
2026-08-02 06:17:58,none,,
2026-08-02 06:32:58,sell,green,green
2026-08-02 06:37:58,sell,green,green
2026-08-02 06:42:58,sell,green,green
2026-08-02 06:47:58,sell,green,green
2026-08-02 06:52:58,sell,green,green
2026-08-02 06:57:58,sell,green,green
2026-08-02 07:02:58,buy,red,red
2026-08-02 07:07:58,sell,green,green
2026-08-02 07:12:58,sell,green,green
2026-08-02 07:17:58,buy,red,red
2026-08-02 07:22:58,sell,green,green
2026-08-02 07:27:58,buy,red,red
2026-08-02 07:32:58,buy,red,red
2026-08-02 07:37:58,buy,red,red
2026-08-02 07:42:58,buy,red,red
2026-08-02 07:47:58,buy,red,red
2026-08-02 07:52:58,buy,red,red
2026-08-02 07:57:58,buy,red,red
2026-08-02 08:02:58,buy,red,red
2026-08-02 08:07:58,buy,red,red
2026-08-02 08:12:58,buy,red,red
2026-08-02 08:17:58,buy,red,red
2026-08-02 08:22:58,buy,red,red
2026-08-02 08:27:58,buy,red,red
2026-08-02 08:32:58,buy,red,red
2026-08-02 08:37:58,buy,red,red
2026-08-02 08:42:58,buy,red,red
2026-08-02 08:47:58,buy,red,red
2026-08-02 08:52:58,buy,red,red
2026-08-02 08:57:58,buy,red,red
2026-08-02 13:37:58,buy,red,red
2026-08-02 13:42:58,buy,green,green
2026-08-02 13:47:58,buy,red,red
2026-08-02 21:35:00,surf,buy,green,green
2026-08-02 21:59:00,surf,buy,red,perdeu
2026-08-02 22:00:00,surf,sell,green,perdeu
2026-08-02 22:01:00,surf,buy,red,perdeu
2026-08-02 22:02:00,surf,sell,green,perdeu
2026-08-02 22:24:00,surf,buy,green,ganhou
2026-08-02 22:25:00,surf,buy,green,ganhou
2026-08-02 22:26:00,surf,buy,green,ganhou
2026-08-02 22:27:00,surf,buy,green,ganhou
2026-08-02 22:28:00,surf,buy,green,ganhou
2026-08-02 22:29:00,surf,buy,green,ganhou
2026-08-02 22:30:00,surf,buy,green,ganhou
2026-08-02 22:31:00,surf,buy,green,ganhou
2026-08-02 22:32:00,surf,buy,green,ganhou
2026-08-02 22:37:00,surf,sell,red,ganhou
2026-08-02 22:38:00,surf,sell,red,ganhou
2026-08-02 22:39:00,surf,sell,red,ganhou
2026-08-02 22:40:00,surf,sell,red,ganhou
2026-08-02 22:41:00,surf,sell,green,perdeu
2026-08-02 22:42:00,surf,buy,green,ganhou
2026-08-02 22:43:00,surf,buy,green,ganhou
2026-08-02 22:44:00,surf,buy,green,ganhou
2026-08-02 22:45:00,surf,buy,red,perdeu
2026-08-02 22:46:00,surf,sell,green,perdeu
2026-08-02 22:47:00,surf,buy,red,perdeu
2026-08-02 22:48:00,surf,sell,green,perdeu
2026-08-02 22:49:00,surf,buy,red,perdeu
2026-08-02 22:50:00,surf,sell,red,ganhou
2026-08-02 22:51:00,surf,sell,red,ganhou
2026-08-02 22:52:00,surf,sell,green,perdeu
2026-08-02 22:53:00,surf,buy,green,ganhou
2026-08-02 22:54:00,surf,buy,red,perdeu
2026-08-02 22:55:00,surf,sell,red,ganhou
2026-08-02 22:56:00,surf,sell,red,ganhou
2026-08-02 22:57:00,surf,sell,red,ganhou
2026-08-02 22:58:00,surf,sell,green,perdeu
2026-08-02 22:59:00,surf,buy,red,perdeu
2026-08-02 23:00:00,surf,sell,red,ganhou
2026-08-02 23:01:00,surf,sell,green,perdeu
2026-08-02 23:02:00,surf,buy,green,ganhou
2026-08-02 23:03:00,surf,buy,green,ganhou
2026-08-02 23:04:00,surf,buy,green,ganhou
2026-08-02 23:05:00,surf,buy,green,ganhou
2026-08-02 23:06:00,surf,buy,green,ganhou
2026-08-02 23:07:00,surf,buy,green,ganhou
2026-08-02 23:08:00,surf,buy,green,ganhou
2026-08-02 23:09:00,surf,buy,green,ganhou
2026-08-02 23:10:00,surf,buy,green,ganhou
2026-08-02 23:11:00,surf,buy,green,ganhou
2026-08-02 23:12:00,surf,buy,green,ganhou
2026-08-02 23:13:00,surf,buy,green,ganhou
2026-08-02 23:14:00,surf,buy,green,ganhou
2026-08-02 23:15:00,surf,buy,red,perdeu
2026-08-02 23:16:00,surf,sell,red,ganhou
2026-08-02 23:17:00,surf,sell,red,ganhou
2026-08-02 23:18:00,surf,sell,red,ganhou
2026-08-02 23:19:00,surf,sell,green,perdeu
2026-08-02 23:20:00,surf,buy,green,ganhou
2026-08-02 23:21:00,surf,buy,green,ganhou
2026-08-02 23:22:00,surf,buy,green,ganhou
2026-08-02 23:23:00,surf,buy,green,ganhou
2026-08-02 23:24:00,surf,buy,green,ganhou
2026-08-02 23:25:00,surf,buy,green,ganhou
2026-08-02 23:26:00,surf,buy,red,perdeu
2026-08-02 23:27:00,surf,sell,green,perdeu
2026-08-02 23:28:00,surf,buy,green,ganhou
2026-08-02 23:29:00,surf,buy,green,ganhou
2026-08-02 23:30:00,surf,buy,green,ganhou
2026-08-02 23:31:00,surf,buy,green,ganhou
2026-08-02 23:32:00,surf,buy,green,ganhou
2026-08-02 23:33:00,surf,buy,red,perdeu
2026-08-02 23:34:00,surf,sell,red,ganhou
2026-08-02 23:35:00,surf,sell,green,perdeu
2026-08-02 23:36:00,surf,buy,green,ganhou
2026-08-02 23:37:00,surf,buy,green,ganhou
2026-08-02 23:38:00,surf,buy,green,ganhou
2026-08-02 23:39:00,surf,buy,green,ganhou
2026-08-02 23:40:00,surf,buy,red,perdeu
2026-08-02 23:41:00,surf,sell,red,ganhou
2026-08-02 23:42:00,surf,sell,green,perdeu
2026-08-02 23:43:00,surf,buy,green,ganhou
2026-08-02 23:44:00,surf,buy,green,ganhou
2026-08-02 23:45:00,surf,buy,red,perdeu
2026-08-03 00:05:00,surf,sell,green,perdeu
2026-08-03 00:06:00,surf,buy,green,ganhou
2026-08-03 00:07:00,surf,buy,green,ganhou
2026-08-03 00:08:00,surf,buy,green,ganhou
2026-08-03 00:18:00,quadrantes,sell,green,perdeu
2026-08-03 00:58:00,quadrantes,buy,green,ganhou
2026-08-03 01:03:00,quadrantes,buy,green,ganhou
2026-08-03 01:11:00,surf,sell,red,ganhou
2026-08-03 01:12:00,surf,sell,green,perdeu
2026-08-03 01:13:00,surf,buy,green,ganhou
2026-08-03 01:14:00,surf,buy,green,ganhou
2026-08-03 01:15:00,surf,buy,green,ganhou
2026-08-03 01:16:00,surf,buy,green,ganhou
2026-08-03 01:17:00,surf,buy,green,ganhou
2026-08-03 01:18:00,surf,buy,green,ganhou
2026-08-03 01:19:00,surf,buy,green,ganhou
2026-08-03 01:20:00,surf,buy,green,ganhou
2026-08-03 01:34:00,surf,buy,green,ganhou
2026-08-03 01:35:00,surf,buy,green,ganhou
2026-08-03 01:36:00,surf,buy,green,ganhou
2026-08-03 01:37:00,surf,buy,red,perdeu
2026-08-03 01:38:00,surf,sell,green,perdeu
2026-08-03 01:39:00,surf,buy,green,ganhou
2026-08-03 01:40:00,surf,buy,green,ganhou
2026-08-03 01:41:00,surf,buy,green,ganhou
2026-08-03 03:15:00,surf,sell,green,perdeu
2026-08-03 03:16:06,surf,sell,green,perdeu
2026-08-03 03:17:01,surf,buy,green,ganhou
2026-08-03 03:18:01,surf,buy,green,ganhou
2026-08-03 03:19:01,surf,buy,green,ganhou
2026-08-03 03:20:01,surf,buy,green,ganhou
2026-08-03 03:21:01,surf,buy,green,ganhou
2026-08-03 03:22:01,surf,buy,green,ganhou
2026-08-03 03:23:01,surf,buy,green,ganhou
2026-08-03 03:32:01,surf,sell,red,ganhou
2026-08-03 03:35:00,surf,sell,red,ganhou
2026-08-03 03:46:00,surf,sell,green,perdeu
2026-08-03 03:47:01,surf,buy,green,ganhou
2026-08-03 03:48:01,surf,buy,green,ganhou
2026-08-03 03:49:06,surf,buy,red,perdeu
2026-08-03 03:54:00,surf,sell,green,perdeu
2026-08-03 03:55:01,surf,buy,green,ganhou
2026-08-03 03:59:00,surf,sell,green,perdeu
2026-08-03 04:01:00,surf,buy,green,ganhou
2026-08-03 04:17:01,surf,sell,red,ganhou
2026-08-03 04:18:01,surf,sell,green,perdeu
2026-08-03 04:19:01,surf,buy,green,ganhou
2026-08-03 04:20:01,surf,buy,green,ganhou
2026-08-03 11:53:01,surf,sell,red,ganhou
2026-08-03 11:54:02,surf,sell,green,perdeu
2026-08-03 11:55:02,surf,buy,green,ganhou
2026-08-03 11:56:02,surf,buy,green,ganhou
2026-08-03 11:57:06,surf,buy,green,ganhou
2026-08-03 11:58:06,surf,buy,red,perdeu
2026-08-03 12:28:01,surf,buy,green,ganhou
2026-08-03 12:29:01,surf,buy,green,ganhou
2026-08-03 12:30:01,surf,buy,green,ganhou
2026-08-03 12:31:01,surf,buy,green,ganhou
2026-08-03 12:32:01,surf,buy,green,ganhou
2026-08-03 12:46:00,surf,buy,green,ganhou
2026-08-03 12:47:00,surf,buy,red,perdeu
2026-08-03 12:48:00,surf,sell,green,perdeu
2026-08-03 12:49:00,surf,buy,green,ganhou
2026-08-03 12:54:59,surf,buy,green,ganhou
2026-08-03 12:55:59,surf,buy,green,ganhou
2026-08-03 12:56:59,surf,buy,green,ganhou
2026-08-03 12:57:59,surf,buy,green,ganhou
2026-08-03 12:58:59,surf,buy,green,ganhou
2026-08-03 12:59:59,surf,buy,green,ganhou
2026-08-03 13:00:59,surf,buy,green,ganhou
2026-08-03 13:01:59,surf,buy,green,ganhou
2026-08-03 13:02:59,surf,buy,green,ganhou
2026-08-03 13:03:59,surf,buy,green,ganhou
2026-08-03 13:04:59,surf,buy,green,ganhou
2026-08-03 13:05:59,surf,buy,red,perdeu
2026-08-03 13:06:59,surf,buy,red,perdeu
2026-08-03 13:07:59,surf,sell,green,perdeu
2026-08-03 13:08:59,surf,buy,green,ganhou
2026-08-03 13:09:59,surf,buy,green,ganhou
2026-08-03 13:10:59,surf,buy,green,ganhou
2026-08-03 13:11:59,surf,buy,red,perdeu
2026-08-03 13:58:58,surf,sell,red,ganhou
2026-08-03 13:59:58,surf,sell,red,ganhou
2026-08-03 14:00:58,surf,sell,red,ganhou
2026-08-03 14:01:58,surf,sell,red,ganhou
2026-08-03 14:02:58,surf,buy,red,perdeu
2026-08-03 14:03:58,surf,sell,green,perdeu
2026-08-03 14:04:58,surf,buy,green,ganhou
2026-08-03 14:05:58,surf,buy,green,ganhou
2026-08-03 14:06:58,surf,buy,green,ganhou
2026-08-03 14:07:58,surf,buy,red,perdeu
2026-08-03 14:08:58,surf,sell,red,ganhou
2026-08-03 14:09:58,surf,sell,red,ganhou
2026-08-03 14:10:58,surf,buy,red,perdeu
2026-08-03 14:11:58,surf,sell,green,perdeu
2026-08-03 14:12:58,surf,buy,green,ganhou
2026-08-03 14:13:58,surf,buy,green,ganhou
2026-08-03 14:14:58,surf,buy,green,ganhou
2026-08-03 14:15:58,surf,buy,green,ganhou
2026-08-03 14:16:58,surf,buy,red,perdeu
2026-08-03 14:17:58,surf,sell,green,perdeu
2026-08-03 14:18:58,surf,sell,red,ganhou
2026-08-03 14:19:58,surf,sell,green,perdeu
2026-08-03 14:20:58,surf,buy,red,perdeu
2026-08-03 14:21:58,surf,sell,green,perdeu
2026-08-03 14:22:58,surf,buy,green,ganhou
2026-08-03 14:23:58,surf,sell,green,perdeu
2026-08-03 14:24:58,surf,sell,green,perdeu
2026-08-03 14:25:58,surf,sell,green,perdeu
2026-08-03 14:26:58,surf,sell,red,ganhou
2026-08-03 14:27:58,surf,sell,red,ganhou
2026-08-03 14:28:58,surf,buy,red,perdeu
2026-08-03 14:29:58,surf,buy,green,ganhou
2026-08-03 14:30:58,surf,buy,green,ganhou
2026-08-03 14:31:58,surf,buy,red,perdeu
2026-08-03 14:32:58,surf,sell,red,ganhou
2026-08-03 14:33:58,surf,buy,red,perdeu
2026-08-03 14:34:58,surf,buy,green,ganhou
2026-08-03 14:35:58,surf,buy,red,perdeu
2026-08-03 14:36:58,surf,sell,red,ganhou
2026-08-03 14:37:58,surf,sell,red,ganhou
2026-08-03 14:38:58,surf,buy,red,perdeu
2026-08-03 14:39:58,surf,buy,green,ganhou
2026-08-03 14:40:58,surf,buy,green,ganhou
2026-08-03 14:41:58,surf,buy,green,ganhou
2026-08-03 14:42:58,surf,buy,red,perdeu
2026-08-03 14:43:58,surf,buy,green,ganhou
2026-08-03 14:44:58,surf,buy,green,ganhou
2026-08-03 14:45:58,surf,buy,green,ganhou
2026-08-03 14:46:58,surf,buy,green,ganhou
2026-08-03 14:47:58,surf,buy,green,ganhou
2026-08-03 14:48:58,surf,buy,green,ganhou
2026-08-03 14:49:58,surf,buy,,indeterminado
2026-08-03 14:50:58,surf,sell,,indeterminado
2026-08-03 15:01:58,surf,buy,green,ganhou
2026-08-03 15:02:58,surf,buy,green,ganhou
2026-08-03 15:03:58,surf,buy,green,ganhou
2026-08-03 17:04:58,quad3,sell,green,perdeu
2026-08-03 22:35:58,surf,sell,green,perdeu
2026-08-03 22:36:58,surf,buy,green,ganhou
2026-08-03 22:37:58,surf,buy,green,ganhou
2026-08-03 22:38:58,surf,buy,green,ganhou
2026-08-03 22:39:58,surf,buy,green,ganhou
2026-08-03 22:40:58,surf,buy,green,ganhou
2026-08-03 22:41:58,surf,buy,green,ganhou
2026-08-03 22:42:58,surf,buy,red,perdeu
2026-08-03 22:43:58,surf,sell,green,perdeu
2026-08-03 22:44:58,surf,buy,red,perdeu
2026-08-03 22:45:58,surf,buy,green,ganhou
2026-08-03 22:46:58,surf,buy,green,ganhou
2026-08-03 22:47:58,surf,buy,red,perdeu
2026-08-03 22:48:58,surf,buy,red,perdeu
2026-08-03 22:49:58,surf,buy,green,ganhou
2026-08-03 22:50:58,surf,buy,green,ganhou
2026-08-03 22:51:58,surf,buy,red,perdeu
2026-08-03 22:52:58,surf,buy,green,ganhou
2026-08-03 22:53:58,surf,buy,red,perdeu
2026-08-03 22:54:58,surf,buy,red,perdeu
2026-08-03 22:55:58,surf,buy,red,perdeu
2026-08-03 22:56:58,surf,sell,red,ganhou
2026-08-03 22:57:58,surf,sell,green,perdeu
2026-08-03 22:58:58,surf,buy,red,perdeu
2026-08-03 22:59:58,surf,buy,green,ganhou
2026-08-03 23:00:58,surf,buy,green,ganhou
2026-08-03 23:01:58,surf,buy,red,perdeu
2026-08-03 23:02:58,surf,sell,red,ganhou
2026-08-03 23:03:58,surf,sell,red,ganhou
2026-08-03 23:04:58,surf,sell,red,ganhou
2026-08-03 23:05:58,surf,sell,red,ganhou
2026-08-03 23:06:58,surf,buy,green,ganhou
2026-08-03 23:07:58,surf,buy,green,ganhou
2026-08-03 23:08:58,surf,buy,green,ganhou
2026-08-03 23:09:58,surf,buy,red,perdeu
2026-08-03 23:10:58,surf,sell,green,perdeu
2026-08-03 23:11:58,surf,buy,green,ganhou
2026-08-03 23:12:58,surf,buy,green,ganhou
2026-08-03 23:13:58,surf,buy,red,perdeu
2026-08-03 23:14:58,surf,sell,green,perdeu
2026-08-03 23:15:58,surf,buy,green,ganhou
2026-08-03 23:16:58,surf,buy,green,ganhou
2026-08-03 23:17:58,surf,buy,red,perdeu
2026-08-03 23:18:58,surf,buy,red,perdeu
2026-08-03 23:19:58,surf,sell,green,perdeu
2026-08-03 23:20:58,surf,buy,red,perdeu
2026-08-03 23:21:58,surf,sell,red,ganhou
2026-08-03 23:22:58,surf,sell,red,ganhou
2026-08-03 23:23:58,surf,sell,red,ganhou
2026-08-03 23:24:58,surf,sell,green,perdeu
2026-08-03 23:25:58,surf,buy,green,ganhou
2026-08-03 23:26:58,surf,buy,red,perdeu
2026-08-03 23:27:58,surf,buy,red,perdeu
2026-08-03 23:28:58,surf,buy,green,ganhou
2026-08-03 23:29:58,surf,buy,green,ganhou
2026-08-03 23:30:58,surf,buy,red,perdeu
2026-08-03 23:31:58,surf,sell,red,ganhou
2026-08-03 23:32:58,surf,buy,green,ganhou
2026-08-03 23:33:58,surf,buy,green,ganhou
2026-08-03 23:34:58,surf,buy,green,ganhou
2026-08-03 23:35:58,surf,buy,green,ganhou
2026-08-03 23:36:58,surf,buy,green,ganhou
2026-08-03 23:37:58,surf,buy,green,ganhou
2026-08-04 00:22:58,surf,buy,green,ganhou
2026-08-04 00:23:58,surf,buy,green,ganhou
2026-08-04 00:38:58,surf,sell,red,ganhou
2026-08-04 00:39:58,surf,sell,red,ganhou
2026-08-04 00:40:58,surf,sell,red,ganhou
2026-08-04 00:41:58,surf,sell,green,perdeu
2026-08-04 00:42:58,surf,buy,green,ganhou
2026-08-04 01:13:58,surf,sell,red,ganhou
2026-08-04 01:14:58,surf,buy,green,ganhou
2026-08-04 01:15:58,surf,buy,green,ganhou
2026-08-04 01:16:58,surf,buy,green,ganhou
2026-08-04 01:17:58,surf,buy,green,ganhou
2026-08-04 01:18:58,surf,buy,green,ganhou
2026-08-04 01:19:58,surf,buy,green,ganhou
2026-08-04 01:20:58,surf,sell,green,perdeu
2026-08-04 01:21:58,surf,sell,red,ganhou
2026-08-04 01:22:58,surf,sell,green,perdeu
2026-08-04 03:23:58,surf,buy,green,ganhou
2026-08-04 03:24:58,surf,buy,green,ganhou
2026-08-04 03:25:58,surf,buy,green,ganhou
2026-08-04 03:26:58,surf,buy,green,ganhou
2026-08-04 03:54:58,surf,sell,green,perdeu
2026-08-04 03:55:59,surf,buy,red,perdeu
2026-08-04 03:56:58,surf,sell,green,perdeu
2026-08-04 03:57:59,surf,buy,red,perdeu
2026-08-04 03:59:58,surf,buy,green,ganhou
2026-08-04 04:04:58,surf,buy,red,perdeu
2026-08-04 04:05:59,surf,sell,red,ganhou
2026-08-04 04:06:58,surf,sell,red,ganhou
2026-08-04 04:07:59,surf,sell,green,perdeu
2026-08-04 04:08:58,surf,buy,green,ganhou
2026-08-04 04:09:58,surf,buy,green,ganhou
2026-08-04 04:36:59,surf,buy,win,ganhou
2026-08-04 04:37:59,surf,buy,win,ganhou
2026-08-04 04:38:59,surf,buy,win,ganhou
2026-08-04 04:39:59,surf,buy,win,ganhou
2026-08-04 04:40:59,surf,buy,win,ganhou
2026-08-04 04:41:59,surf,buy,win,ganhou
2026-08-04 04:42:59,surf,buy,win,ganhou
2026-08-04 04:43:59,surf,buy,win,ganhou
2026-08-04 04:44:59,surf,sell,win,ganhou
2026-08-04 04:45:59,surf,buy,win,ganhou
2026-08-04 04:46:59,surf,buy,loss,perdeu
2026-08-04 04:47:59,surf,buy,loss,perdeu
2026-08-04 04:48:59,surf,buy,loss,perdeu
2026-08-04 05:12:59,surf,sell,loss,perdeu
2026-08-04 05:13:59,surf,sell,loss,perdeu
2026-08-04 05:14:59,surf,buy,loss,perdeu
2026-08-04 05:16:59,surf,buy,loss,perdeu
2026-08-04 05:17:59,surf,buy,loss,perdeu
2026-08-04 05:48:00,surf,buy,loss,perdeu
2026-08-04 06:00:59,surf,sell,win,ganhou
2026-08-04 06:02:00,surf,sell,win,ganhou
2026-08-04 06:03:00,surf,sell,win,ganhou
2026-08-04 06:04:00,surf,sell,win,ganhou
2026-08-04 06:05:00,surf,sell,win,ganhou
2026-08-04 06:06:00,surf,sell,win,ganhou
2026-08-04 06:07:00,surf,sell,win,ganhou
2026-08-04 06:08:00,surf,sell,win,ganhou
2026-08-04 06:08:59,surf,sell,win,ganhou
2026-08-04 06:09:59,surf,buy,win,ganhou
2026-08-04 06:10:59,surf,sell,win,ganhou
2026-08-04 06:26:00,surf,buy,win,ganhou
2026-08-04 06:27:00,surf,buy,win,ganhou
2026-08-04 06:28:00,surf,buy,win,ganhou
2026-08-04 06:28:59,surf,buy,win,ganhou
2026-08-04 06:30:59,surf,sell,win,ganhou
2026-08-04 06:31:59,surf,sell,win,ganhou
2026-08-04 06:52:59,surf,buy,win,ganhou
2026-08-04 06:54:00,surf,buy,win,ganhou
2026-08-04 06:59:59,surf,buy,win,ganhou
2026-08-04 07:04:00,surf,sell,win,ganhou
2026-08-04 07:04:59,surf,sell,win,ganhou
2026-08-04 07:06:00,surf,buy,win,ganhou
2026-08-04 07:06:59,surf,buy,win,ganhou
2026-08-04 07:08:00,surf,buy,win,ganhou
2026-08-04 07:08:59,surf,buy,win,ganhou
2026-08-04 07:10:00,surf,buy,win,ganhou
2026-08-04 07:10:59,surf,buy,win,ganhou
2026-08-04 07:12:00,surf,buy,win,ganhou
2026-08-04 07:12:59,surf,buy,win,ganhou
2026-08-04 07:14:00,surf,buy,win,ganhou
2026-08-04 07:14:59,surf,buy,win,ganhou
2026-08-04 07:16:00,surf,sell,win,ganhou
2026-08-04 07:17:00,surf,sell,win,ganhou
2026-08-04 07:18:00,surf,sell,win,ganhou
2026-08-04 07:19:00,surf,buy,win,ganhou
2026-08-04 07:19:59,surf,buy,win,ganhou
2026-08-04 07:21:00,surf,buy,win,ganhou
2026-08-04 13:13:59,surf,buy,win,ganhou
2026-08-04 13:15:00,surf,buy,win,ganhou
2026-08-04 13:16:00,surf,buy,win,ganhou
2026-08-04 13:17:00,surf,buy,win,ganhou
2026-08-04 13:18:00,surf,buy,win,ganhou
2026-08-04 13:18:59,surf,buy,win,ganhou
2026-08-04 13:20:00,surf,buy,win,ganhou
2026-08-04 13:20:59,surf,buy,loss,perdeu
2026-08-04 13:21:59,surf,buy,win,ganhou
2026-08-04 13:23:59,surf,sell,win,ganhou
2026-08-04 13:25:00,surf,sell,win,ganhou
2026-08-04 13:25:59,surf,buy,win,ganhou
2026-08-04 13:26:59,surf,buy,win,ganhou
2026-08-04 13:28:00,surf,buy,win,ganhou
2026-08-04 15:53:59,surf,buy,green,ganhou
2026-08-04 15:54:59,surf,buy,green,ganhou
2026-08-04 15:55:59,surf,buy,green,ganhou
2026-08-04 15:56:59,surf,buy,green,ganhou
2026-08-04 15:57:59,surf,buy,green,ganhou
2026-08-04 15:58:59,surf,buy,green,ganhou
2026-08-04 16:07:59,surf,buy,green,ganhou
2026-08-04 16:08:59,surf,buy,red,perdeu
2026-08-04 16:10:59,surf,sell,red,ganhou
2026-08-04 16:11:59,surf,sell,green,perdeu
2026-08-04 16:12:59,surf,buy,,indeterminado
2026-08-04 16:15:00,surf,sell,red,ganhou
2026-08-04 16:15:59,surf,sell,red,ganhou
2026-08-04 16:16:59,surf,sell,red,ganhou
2026-08-04 16:17:59,surf,sell,red,ganhou
2026-08-04 16:18:59,surf,sell,red,ganhou
2026-08-04 16:20:00,surf,sell,red,ganhou
2026-08-04 16:20:59,surf,sell,red,ganhou
2026-08-04 16:21:59,surf,sell,red,ganhou
2026-08-04 16:22:59,surf,sell,green,perdeu
2026-08-04 16:23:59,surf,buy,red,perdeu
2026-08-04 16:25:00,surf,sell,red,ganhou
2026-08-04 16:25:59,surf,sell,green,perdeu
2026-08-04 16:27:00,surf,buy,green,ganhou
2026-08-04 16:27:59,surf,buy,green,ganhou
2026-08-04 16:28:59,surf,buy,green,ganhou
2026-08-04 16:29:59,surf,buy,green,ganhou
2026-08-04 16:30:59,surf,buy,green,ganhou
2026-08-04 16:32:00,surf,buy,,indeterminado
2026-08-04 16:56:00,surf,sell,red,ganhou
2026-08-04 16:57:00,surf,sell,green,perdeu
2026-08-04 16:58:59,surf,buy,green,ganhou
2026-08-04 16:59:59,surf,buy,green,ganhou
2026-08-04 17:00:59,surf,buy,green,ganhou
2026-08-04 17:19:59,surf,sem_confirmacao,,
2026-08-04 17:20:59,surf,sem_confirmacao,,
2026-08-04 17:22:59,surf,sem_confirmacao,,
2026-08-04 17:26:59,surf,buy,green,ganhou
2026-08-04 17:37:59,surf,sell,red,ganhou
2026-08-04 17:38:59,surf,sell,red,ganhou
2026-08-04 17:39:59,surf,sell,red,ganhou
2026-08-04 19:07:59,surf,sell,,indeterminado
2026-08-04 20:56:59,surf,sell,0.00->0.00,empate
2026-08-04 20:57:59,surf,buy,,indeterminado
2026-08-04 20:58:59,surf,sell,,indeterminado
2026-08-04 20:59:59,surf,buy,,indeterminado
2026-08-04 21:00:59,surf,sell,,indeterminado
2026-08-04 21:24:59,surf,sell,,indeterminado
2026-08-04 21:25:59,surf,sell,,indeterminado
2026-08-04 21:27:00,surf,sell,,indeterminado
2026-08-04 21:30:59,surf,buy,,indeterminado
2026-08-04 21:33:00,surf,sem_confirmacao,,
2026-08-04 21:31:59,surf,buy,,indeterminado
2026-08-04 21:34:00,surf,sell,,indeterminado
2026-08-04 21:34:59,surf,sell,,indeterminado
2026-08-04 21:35:59,surf,sell,,indeterminado
2026-08-04 21:36:59,surf,sell,7.00->7.00,empate
2026-08-04 21:37:59,surf,sell,7.00->7.00,empate
2026-08-04 21:38:59,surf,sell,7.00->7.00,empate
2026-08-04 21:49:59,surf,sell,,indeterminado
2026-08-04 21:50:59,surf,sell,2.00->4.00,gain
2026-08-04 21:51:59,surf,sell,,indeterminado
2026-08-04 21:52:59,surf,buy,,indeterminado
2026-08-04 21:53:59,surf,buy,,indeterminado
2026-08-04 21:54:59,surf,buy,,indeterminado
2026-08-04 21:55:59,surf,buy,,indeterminado
2026-08-04 21:57:00,surf,buy,,indeterminado
2026-08-04 21:57:59,surf,sell,,indeterminado
2026-08-04 21:58:59,surf,sell,,indeterminado
2026-08-04 21:59:59,surf,sell,,indeterminado
2026-08-04 22:08:59,surf,buy,green,ganhou
2026-08-04 22:10:00,surf,buy,green,ganhou
2026-08-04 22:11:00,surf,buy,red,perdeu
2026-08-04 22:12:00,surf,buy,red,perdeu
2026-08-04 22:22:59,surf,sell,red,ganhou
2026-08-04 22:24:00,surf,sell,red,ganhou
2026-08-04 22:26:59,surf,buy,green,ganhou
2026-08-04 22:27:59,surf,buy,red,perdeu
2026-08-04 22:28:59,surf,sell,red,ganhou
2026-08-04 22:44:00,surf,sell,red,ganhou
2026-08-04 22:58:00,surf,sem_confirmacao,,
2026-08-04 22:56:59,surf,sell,red,ganhou
2026-08-04 22:59:00,surf,sell,red,ganhou
2026-08-04 23:00:00,surf,sell,red,ganhou
2026-08-04 23:01:00,surf,sell,red,ganhou
2026-08-04 23:17:59,surf,sell,red,ganhou
2026-08-04 23:18:59,surf,sell,red,ganhou
2026-08-04 23:19:59,surf,sell,red,ganhou
2026-08-04 23:26:59,surf,sell,red,ganhou
2026-08-04 23:27:59,surf,sell,red,ganhou
2026-08-04 23:32:59,surf,sell,red,ganhou
2026-08-04 23:33:59,surf,sell,red,ganhou
2026-08-04 23:35:00,surf,sell,red,ganhou
2026-08-04 23:35:59,surf,sell,red,ganhou
2026-08-04 23:36:59,surf,sell,red,ganhou
2026-08-05 00:48:59,surf,buy,green,ganhou
2026-08-05 00:49:59,surf,buy,red,perdeu
2026-08-05 01:05:59,surf,buy,green,ganhou
2026-08-05 01:06:59,surf,buy,green,ganhou
2026-08-05 01:30:59,surf,buy,green,ganhou
2026-08-05 01:31:59,surf,buy,green,ganhou
2026-08-05 01:33:59,surf,buy,green,ganhou
2026-08-05 01:54:59,surf,buy,red,perdeu
2026-08-05 01:55:59,surf,sell,red,ganhou
2026-08-05 01:56:59,surf,sell,green,perdeu
2026-08-05 01:57:59,surf,buy,green,ganhou
2026-08-05 01:58:59,surf,buy,green,ganhou
2026-08-05 01:59:59,surf,buy,green,ganhou
2026-08-05 02:01:00,surf,buy,green,ganhou
2026-08-05 02:01:59,surf,buy,green,ganhou
2026-08-05 03:10:59,surf,buy,green,ganhou
2026-08-05 03:24:59,surf,sell,red,ganhou
2026-08-05 03:25:59,surf,sell,red,ganhou
2026-08-05 03:27:00,surf,sell,green,perdeu
2026-08-05 03:30:00,surf,sell,red,ganhou
2026-08-05 03:35:00,surf,sem_confirmacao,,
2026-08-05 04:11:59,surf,sell,green,perdeu
2026-08-05 04:12:59,surf,buy,,indeterminado
2026-08-05 04:17:59,surf,sell,,indeterminado
2026-08-05 04:25:59,surf,sell,red,ganhou
2026-08-05 04:30:00,surf,sem_confirmacao,,
2026-08-05 04:28:00,surf,sell,green,perdeu
2026-08-05 04:41:59,surf,sem_confirmacao,,
2026-08-05 04:43:59,surf,sell,red,ganhou
2026-08-05 04:45:59,surf,sell,red,ganhou
2026-08-05 04:48:00,surf,sell,red,ganhou
2026-08-05 11:52:59,surf,sell,red,ganhou
2026-08-05 11:53:59,surf,sell,green,perdeu
2026-08-05 12:35:00,surf,sem_confirmacao,,
2026-08-05 12:40:00,surf,buy,red,perdeu
2026-08-05 12:44:59,surf,sell,red,ganhou
2026-08-05 12:49:59,surf,sell,green,perdeu
2026-08-05 12:54:59,surf,buy,green,ganhou
2026-08-05 12:59:59,surf,buy,green,ganhou
2026-08-05 13:04:59,surf,buy,green,ganhou
2026-08-05 13:10:00,surf,buy,green,ganhou
2026-08-05 13:15:00,surf,buy,green,ganhou
2026-08-05 13:20:00,surf,buy,green,ganhou
2026-08-05 13:24:59,surf,buy,green,ganhou
2026-08-05 13:30:00,surf,buy,green,ganhou
2026-08-05 13:34:59,surf,buy,green,ganhou
2026-08-05 13:40:00,surf,buy,green,ganhou
2026-08-05 13:44:59,surf,buy,green,ganhou
2026-08-05 13:49:59,surf,buy,green,ganhou
2026-08-05 13:59:59,surf,sell,green,perdeu
2026-08-05 14:08:59,surf,sell,green,perdeu
2026-08-05 14:10:00,surf,buy,green,ganhou
2026-08-05 14:11:00,surf,buy,green,ganhou
2026-08-05 14:11:59,surf,buy,green,ganhou
2026-08-05 14:13:00,surf,buy,green,ganhou
2026-08-05 14:14:00,surf,buy,green,ganhou
2026-08-05 14:14:59,surf,buy,green,ganhou
2026-08-05 14:16:00,surf,buy,green,ganhou
2026-08-05 15:44:00,surf,sell,red,ganhou
2026-08-05 15:46:00,surf,sell,red,ganhou
2026-08-05 15:48:00,surf,sell,green,perdeu
2026-08-05 16:03:59,surf,buy,red,perdeu
2026-08-05 16:11:59,surf,sem_confirmacao,,
2026-08-05 16:12:59,surf,buy,green,ganhou
2026-08-05 16:14:00,surf,buy,red,perdeu
2026-08-05 16:14:59,surf,sell,green,perdeu
2026-08-05 16:21:00,surf,buy,green,ganhou
2026-08-05 16:22:00,surf,buy,green,ganhou
2026-08-05 16:23:59,surf,buy,red,perdeu
2026-08-05 16:37:59,surf,buy,green,ganhou
2026-08-05 16:39:59,surf,buy,green,ganhou
2026-08-05 16:42:00,surf,buy,green,ganhou
2026-08-05 16:46:00,surf,buy,green,ganhou
2026-08-05 16:47:59,surf,buy,green,ganhou
2026-08-05 16:51:00,surf,sem_confirmacao,,
2026-08-05 16:49:59,surf,buy,green,ganhou
2026-08-05 16:59:59,surf,sell,green,perdeu
2026-08-05 17:02:00,surf,buy,green,ganhou
2026-08-05 17:04:00,surf,buy,green,ganhou
2026-08-05 17:06:00,surf,buy,green,ganhou
2026-08-05 17:07:59,surf,buy,green,ganhou
2026-08-05 17:09:59,surf,buy,green,ganhou
2026-08-05 17:11:59,surf,buy,green,ganhou
2026-08-05 17:14:00,surf,buy,green,ganhou
2026-08-05 21:11:59,surf,sem_confirmacao,,
2026-08-05 21:10:00,surf,buy,red,perdeu
2026-08-05 22:07:59,surf,sem_confirmacao,,
2026-08-05 22:38:00,surf,sem_confirmacao,,
2026-08-05 23:18:00,surf,sell,green,perdeu
2026-08-05 23:20:00,surf,buy,green,ganhou
2026-08-05 23:22:00,surf,buy,green,ganhou
2026-08-05 23:34:00,surf,sell,red,ganhou
2026-08-05 23:36:00,surf,sell,red,ganhou
2026-08-05 23:40:00,surf,sem_confirmacao,,
2026-08-05 23:38:00,surf,sell,red,ganhou
2026-08-05 23:44:00,surf,buy,green,ganhou
2026-08-05 23:45:59,surf,buy,green,ganhou
2026-08-05 23:51:59,surf,buy,-10.00,perdeu
2026-08-05 23:56:00,surf,sell,-10.00,perdeu
2026-08-05 23:56:59,surf,sell,-10.00,perdeu
2026-08-06 00:11:59,surf,buy,,indeterminado
2026-08-06 00:13:00,surf,sell,-10.00,perdeu
2026-08-06 00:14:00,surf,sell,4.80,ganhou
2026-08-06 00:14:59,surf,sell,-10.00,perdeu
2026-08-06 00:15:59,surf,sell,4.80,ganhou
2026-08-06 00:16:59,surf,sell,4.80,ganhou
2026-08-06 00:17:59,surf,sell,4.80,ganhou
2026-08-06 00:19:00,surf,sell,4.80,ganhou
2026-08-06 00:19:59,surf,sell,4.80,ganhou
2026-08-06 00:21:00,surf,sell,4.80,ganhou
2026-08-06 00:22:00,surf,sell,0.00,empate
2026-08-06 00:23:00,surf,sell,4.80,ganhou
2026-08-06 00:24:00,surf,sell,0.00,empate
2026-08-06 00:25:00,surf,sell,4.80,ganhou
2026-08-06 00:25:59,surf,sell,4.80,ganhou
2026-08-06 00:27:00,surf,sell,4.80,ganhou
2026-08-06 00:28:00,surf,sell,4.80,ganhou
2026-08-06 14:13:00,surf,sell,-5.00,perdeu
2026-08-06 14:13:59,surf,sell,-10.00,perdeu
2026-08-06 14:15:00,surf,sell,-1.65,perdeu
2026-08-06 14:16:00,surf,sell,11.70,ganhou
2026-08-06 21:45:00,surf,sell,,indeterminado
2026-08-06 21:48:00,surf,sell,-5.00,perdeu
2026-08-06 21:48:59,surf,sell,-1.15,perdeu
2026-08-06 23:44:00,surf,buy,-5.00,perdeu
2026-08-06 23:46:00,surf,buy,-95.70,perdeu
2026-08-06 23:47:59,surf,buy,-4.70,perdeu
2026-08-07 00:25:59,surf,sem_confirmacao,,
2026-08-07 00:27:59,surf,sem_confirmacao,,
2026-08-07 00:30:00,surf,sem_confirmacao,,
2026-08-07 00:32:00,surf,sem_confirmacao,,
2026-08-07 00:35:59,surf,sem_confirmacao,,
2026-08-07 01:05:00,surf,sem_confirmacao,,
2026-08-07 01:06:59,surf,sem_confirmacao,,
2026-08-07 01:08:00,surf,sem_confirmacao,,
2026-08-07 01:06:00,surf,sell,-20.00,perdeu
2026-08-07 01:09:00,surf,sem_confirmacao,,
2026-08-07 01:10:00,surf,sem_confirmacao,,
2026-08-07 01:18:59,surf,sem_confirmacao,,
2026-08-07 01:17:00,surf,buy,-72.00,perdeu
2026-08-07 01:22:00,surf,sem_confirmacao,,
2026-08-07 01:23:00,surf,sem_confirmacao,,
2026-08-07 01:21:00,surf,buy,-36.00,perdeu
2026-08-07 01:33:59,surf,sem_confirmacao,,
2026-08-07 01:32:59,surf,buy,-15.00,perdeu
2026-08-07 03:44:59,surf,buy,33.12,ganhou
2026-08-07 03:50:00,surf,buy,-2.88,perdeu
2026-08-07 18:12:00,surf,sem_confirmacao,,
2026-08-07 20:48:59,surf,sell,485.48,ganhou
2026-08-07 20:55:59,surf,sem_confirmacao,,
2026-08-07 20:55:00,surf,sell,-10.00,perdeu
2026-08-07 21:00:00,surf,sell,-10.00,perdeu
2026-08-07 21:57:59,surf,buy,-18.00,perdeu
2026-08-07 21:58:59,surf,buy,-20.52,perdeu
2026-08-07 22:00:00,surf,buy,46.44,ganhou
2026-08-07 22:01:00,surf,sell,39.96,ganhou
2026-08-07 22:02:00,surf,sell,5.76,ganhou
2026-08-07 22:02:59,surf,sell,-54.24,perdeu
2026-08-07 22:06:00,surf,buy,16.20,ganhou
2026-08-07 22:08:00,surf,sem_confirmacao,,
2026-08-07 22:06:59,surf,buy,32.40,ganhou
2026-08-07 22:10:00,surf,sem_confirmacao,,
2026-08-07 22:09:00,surf,sell,-69.00,perdeu
2026-08-07 22:10:59,surf,sem_confirmacao,,
2026-08-07 22:12:00,surf,sem_confirmacao,,
2026-08-07 22:12:59,surf,buy,-35.00,perdeu
2026-08-07 23:41:59,surf,buy,17.10,ganhou
2026-08-07 23:43:00,surf,sell,-0.90,perdeu
2026-08-08 00:02:59,surf,sell,-10.00,perdeu
2026-08-08 15:34:58,surf,buy,,indeterminado
2026-08-08 15:35:58,surf,sem_confirmacao,,
2026-08-08 15:36:58,surf,buy,,ganhou
2026-08-08 15:37:58,surf,buy,,ganhou
2026-08-08 15:45:58,surf,buy,,ganhou
2026-08-08 15:46:58,surf,buy,,ganhou
2026-08-08 15:48:58,surf,sem_confirmacao,,
2026-08-08 15:49:58,surf,buy,,indeterminado
2026-08-08 15:50:58,surf,sem_confirmacao,,
2026-08-08 15:51:58,surf,buy,,ganhou
2026-08-08 15:52:58,surf,buy,,ganhou
2026-08-08 16:00:58,surf,buy,,ganhou
2026-08-08 16:01:57,surf,buy,,ganhou
2026-08-08 16:05:58,surf,buy,,ganhou
2026-08-08 22:02:58,surf,sem_confirmacao,,
2026-08-08 22:03:58,surf,sell,,indeterminado
2026-08-08 22:04:58,surf,sem_confirmacao,,
2026-08-08 22:05:58,surf,sem_confirmacao,,
2026-08-08 22:06:58,surf,sem_confirmacao,,
2026-08-08 22:07:58,surf,sem_confirmacao,,
2026-08-08 22:08:58,surf,sem_confirmacao,,
2026-08-08 22:11:58,surf,sell,,ganhou
2026-08-08 22:12:58,surf,sell,,ganhou
2026-08-09 01:17:58,surf,sell,,ganhou
2026-08-09 01:18:58,surf,sell,,ganhou
2026-08-09 01:37:57,surf,buy,,perdeu
2026-08-09 01:38:58,surf,sell,,perdeu
2026-08-09 01:39:57,surf,buy,,perdeu
2026-08-09 01:40:57,surf,sell,,perdeu
2026-08-09 01:52:57,surf,sell,,perdeu
2026-08-09 02:08:57,surf,sell,,perdeu
2026-08-09 02:13:57,surf,sell,,perdeu
2026-08-09 02:15:57,surf,buy,,perdeu
2026-08-09 02:17:58,surf,sell,,perdeu
2026-08-09 02:19:58,surf,buy,,ganhou
2026-08-09 03:00:00,surf,buy,-10.00,perdeu
2026-08-09 03:02:00,surf,sell,8.70,ganhou
2026-08-09 03:08:00,surf,sem_confirmacao,,
2026-08-09 03:04:00,surf,sell,8.70,ganhou
2026-08-09 11:48:00,surf,sem_confirmacao,,
2026-08-09 11:45:59,surf,sell,-20.00,perdeu
2026-08-09 11:47:00,surf,buy,-40.00,perdeu
